DrawNumber,Ball1,Ball2,Ball3,Ball4,Ball5,MegaBall
1,15,18,25,33,47,30
2,4,28,39,41,44,9
3,2,4,32,44,52,36
4,6,21,22,29,32,24
5,12,28,45,46,52,47
6,3,25,29,30,48,48
7,14,22,27,28,42,13
8,5,6,9,33,44,52
9,4,8,32,37,43,2
10,6,13,18,27,45,18
11,13,18,32,39,49,6
12,4,18,21,27,41,50
13,18,31,49,50,51,4
14,14,22,32,35,44,6
15,11,20,26,29,41,41
16,26,29,31,44,48,40
17,13,19,23,38,47,15
18,10,24,35,49,52,47
19,7,15,24,37,46,9
20,10,12,29,32,38,7
21,20,27,28,37,49,32
22,2,6,22,27,44,1
23,10,16,23,28,31,7
24,2,6,38,40,50,14
25,7,17,23,43,44,26
26,3,10,15,18,25,52
27,22,31,33,44,52,43
28,2,13,20,23,43,6
29,5,19,20,45,48,44
30,2,5,11,18,45,22
31,6,31,32,42,51,42
32,8,23,36,49,51,10
33,31,39,42,49,51,35
34,4,6,10,21,25,21
35,24,32,37,40,51,12
36,7,10,19,26,44,5
37,1,2,4,5,46,8
38,8,32,34,42,50,21
39,23,27,30,33,36,5
40,7,21,30,32,37,15
41,10,42,43,45,51,1
42,18,34,43,47,50,25
43,9,11,17,26,41,29
44,6,20,27,34,51,22
45,10,31,40,48,51,38
46,16,20,26,36,48,32
47,8,15,34,39,47,4
48,9,10,14,41,49,35
49,5,10,22,23,43,37
50,2,7,16,28,36,47
51,17,19,37,47,48,14
52,3,28,45,48,50,24
53,6,17,44,49,51,39
54,7,16,20,40,52,8
55,11,16,19,22,46,5
56,3,21,27,31,43,34
57,8,25,33,42,49,40
58,1,15,19,40,51,26
59,4,8,30,36,52,48
60,3,5,9,16,31,28
61,2,13,14,24,46,34
62,3,7,21,29,49,46
63,10,14,41,46,49,52
64,8,24,39,43,52,43
65,11,14,26,30,39,3
66,8,21,29,42,51,34
67,6,14,28,37,46,3
68,15,16,28,34,51,33
69,7,17,18,34,50,18
70,30,39,41,47,52,27
71,25,26,38,42,46,27
72,4,41,48,50,51,23
73,16,31,37,40,41,5
74,13,24,26,32,47,34
75,1,8,9,19,22,21
76,5,12,16,22,24,48
77,3,9,20,26,27,50
78,18,20,23,48,49,10
79,11,13,19,32,47,21
80,12,22,29,42,50,11
81,21,28,29,40,51,20
82,2,4,6,37,47,38
83,11,16,26,48,49,13
84,2,26,36,37,41,22
85,7,10,32,36,41,33
86,10,15,26,28,39,10
87,3,6,14,31,33,8
88,13,14,16,29,49,29
89,6,17,18,40,50,8
90,15,21,37,40,42,7
91,8,12,21,27,29,15
92,7,12,26,45,47,36
93,6,22,28,31,40,18
94,8,10,24,38,45,6
95,15,26,27,38,39,46
96,16,29,31,39,52,21
97,5,15,24,50,52,3
98,3,9,15,28,52,7
99,1,12,32,48,51,29
100,6,8,9,33,35,32
101,2,5,19,32,34,52
102,5,14,32,44,52,24
103,1,10,20,22,28,39
104,17,20,47,49,50,34
105,5,10,16,26,39,52
106,2,16,36,44,49,3
107,12,20,31,33,50,17
108,10,11,17,20,26,3
109,1,21,28,33,51,3
110,4,20,25,29,32,20
111,10,14,28,39,40,35
112,14,15,23,32,52,37
113,12,15,16,20,51,33
114,27,31,34,40,52,1
115,1,2,3,12,37,35
116,2,26,43,44,47,31
117,1,14,20,31,40,43
118,28,32,39,45,48,31
119,6,7,22,37,46,8
120,2,9,27,29,35,18
121,1,4,10,16,18,10
122,1,26,33,43,48,22
123,29,30,34,38,44,39
124,1,5,31,38,47,3
125,33,46,47,50,51,30
126,1,17,19,32,42,33
127,2,11,27,30,33,46
128,7,32,34,38,44,49
129,6,9,35,40,43,42
130,8,11,18,35,51,26
131,1,16,20,41,52,13
132,7,11,24,28,52,16
133,4,19,31,32,51,31
134,9,28,42,44,49,47
135,8,11,17,42,52,10
136,22,26,27,32,39,14
137,7,9,28,41,42,19
138,14,15,30,39,46,30
139,16,22,23,38,46,45
140,15,20,24,30,46,42
141,13,14,24,34,47,13
142,5,16,24,49,51,28
143,5,29,32,45,52,29
144,2,26,37,40,46,49
145,19,21,30,31,52,51
146,1,2,22,40,41,43
147,4,19,36,42,48,13
148,18,19,21,33,40,29
149,14,20,31,46,48,18
150,18,34,46,51,52,38
151,8,9,16,30,31,15
152,6,9,20,40,47,26
153,6,12,13,36,46,3
154,16,24,43,44,45,22
155,6,18,23,26,30,31
156,2,5,17,21,22,43
157,3,13,31,41,42,52
158,4,11,25,30,52,36
159,14,26,28,36,42,14
160,22,32,37,40,41,52
161,19,26,31,44,50,19
162,10,13,24,34,49,4
163,1,12,15,18,44,42
164,4,14,15,24,48,41
165,9,16,32,45,46,26
166,16,24,31,46,47,47
167,5,10,17,35,39,38
168,2,13,21,22,49,52
169,1,10,17,20,29,36
170,12,18,21,32,46,49
171,7,8,36,44,48,9
172,7,13,15,25,32,9
173,24,32,38,47,49,12
174,3,17,18,21,45,21
175,12,26,41,44,49,44
176,5,7,14,21,45,36
177,10,18,33,46,51,13
178,6,10,20,38,50,27
179,17,28,30,40,51,44
180,9,21,26,35,41,17
181,1,6,16,30,49,13
182,3,7,10,22,32,23
183,14,30,42,43,45,30
184,2,8,34,36,52,21
185,1,13,20,21,30,24
186,6,11,43,49,52,21
187,2,9,24,36,52,44
188,25,30,35,40,50,4
189,30,40,47,49,52,3
190,16,23,29,36,51,49
191,4,29,32,35,36,11
192,3,28,45,49,51,52
193,6,9,14,32,50,4
194,12,22,35,39,46,32
195,8,10,17,37,49,20
196,3,27,31,41,45,33
197,8,17,25,46,47,13
198,8,17,29,32,39,49
199,2,8,10,11,23,40
200,13,36,39,50,51,34
201,6,24,29,42,51,41
202,12,22,37,46,48,49
203,8,22,25,47,48,27
204,1,10,17,23,35,45
205,15,21,32,39,50,34
206,3,15,29,37,39,40
207,14,17,19,44,50,17
208,9,25,30,34,37,30
209,10,19,32,36,46,6
210,2,36,44,46,51,45
211,4,20,27,38,49,31
212,5,18,34,36,39,43
213,13,27,36,39,51,33
214,7,16,17,26,48,15
215,4,16,18,41,47,46
216,17,24,29,37,45,43
217,12,28,36,39,52,36
218,18,23,27,29,44,24
219,7,10,11,15,51,23
220,9,10,17,41,52,19
221,18,19,29,32,42,32
222,10,13,19,28,38,1
223,10,25,38,39,50,12
224,6,7,8,31,48,19
225,11,23,25,29,45,16
226,13,31,37,39,52,38
227,3,21,22,35,44,7
228,6,15,21,32,44,13
229,5,12,25,35,37,12
230,8,10,11,13,24,46
231,16,19,21,34,35,22
232,1,2,13,16,22,31
233,4,23,33,38,49,7
234,18,25,29,31,44,33
235,14,31,41,45,48,20
236,22,23,26,28,36,10
237,12,17,34,37,39,34
238,2,5,21,47,50,46
239,5,25,38,46,47,14
240,14,15,25,42,44,3
241,4,14,34,38,44,10
242,13,30,36,38,51,35
243,11,17,27,45,52,5
244,12,35,37,38,50,49
245,3,16,25,38,49,4
246,1,3,15,19,29,39
247,11,26,30,49,50,52
248,1,18,39,42,50,35
249,8,10,17,24,39,52
250,8,34,39,48,49,47
251,16,17,21,33,41,6
252,4,18,19,39,51,13
253,4,8,24,30,36,25
254,6,13,19,34,50,33
255,3,7,20,24,43,36
256,14,25,39,43,49,27
257,10,18,26,31,41,48
258,24,32,42,49,50,3
259,3,29,30,41,43,1
260,11,20,26,28,52,7
261,5,31,33,35,51,1
262,9,10,27,28,30,18
263,1,12,24,36,51,38
264,8,30,32,35,51,17
265,7,9,18,37,43,34
266,10,20,22,28,52,4
267,12,32,37,41,52,13
268,1,19,22,32,49,29
269,22,23,37,42,47,15
270,14,27,32,34,40,2
271,16,34,38,42,47,1
272,7,22,27,31,38,12
273,9,20,22,41,42,10
274,18,29,32,38,43,50
275,10,14,45,47,51,20
276,3,6,7,12,32,30
277,2,8,14,15,51,38
278,2,23,24,35,45,18
279,15,19,24,40,47,50
280,10,23,28,39,51,5
281,17,27,39,40,41,21
282,2,10,21,25,45,22
283,25,31,39,47,52,43
284,3,17,21,42,44,35
285,3,12,14,30,52,34
286,8,11,14,23,25,21
287,6,14,21,24,50,28
288,3,16,20,21,38,10
289,1,19,31,35,42,34
290,15,18,28,41,45,27
291,4,13,37,38,50,24
292,1,8,18,39,48,1
293,7,10,13,35,39,21
294,8,14,15,22,31,13
295,18,19,31,35,36,17
296,14,26,27,34,44,27
297,2,9,28,29,48,33
298,6,11,27,37,43,34
299,11,18,19,45,49,2
300,7,17,18,30,42,38
301,11,19,28,32,45,10
302,4,19,45,51,52,22
303,5,13,17,33,35,35
304,15,20,43,47,50,24
305,25,26,37,39,49,29
306,5,6,14,42,47,3
307,23,25,43,46,49,26
308,18,22,33,34,42,16
309,2,5,7,28,46,21
310,7,17,42,46,52,47
311,7,12,25,50,51,19
312,11,25,38,40,42,40
313,21,23,27,33,39,8
314,7,9,10,29,44,17
315,3,6,27,40,44,9
316,9,28,39,40,45,24
317,7,17,22,34,50,24
318,5,13,22,37,38,11
319,4,6,14,28,47,42
320,7,14,28,46,47,25
321,14,29,31,37,50,34
322,1,10,29,48,49,36
323,16,35,40,49,50,34
324,9,13,40,46,50,30
325,14,43,44,50,56,7
326,2,20,37,43,46,4
327,14,25,41,42,50,40
328,22,38,48,50,55,29
329,9,23,45,48,50,3
330,5,17,32,39,53,36
331,9,13,25,36,48,2
332,7,13,48,51,54,11
333,7,18,27,35,54,34
334,1,10,18,29,55,8
335,4,16,23,25,40,22
336,17,22,39,50,52,46
337,3,5,48,50,53,4
338,13,35,36,43,52,5
339,8,37,38,45,54,21
340,9,15,20,24,55,3
341,2,13,18,36,46,36
342,6,7,8,13,40,12
343,5,20,38,47,54,35
344,19,32,42,49,56,29
345,1,4,14,45,53,33
346,1,8,27,31,50,40
347,15,28,43,51,52,11
348,13,24,44,48,52,30
349,5,16,41,46,50,1
350,35,36,40,42,52,45
351,6,7,20,41,51,38
352,14,17,26,27,28,5
353,1,3,14,30,52,10
354,12,24,28,29,36,41
355,2,4,23,27,36,37
356,24,30,42,53,54,20
357,6,20,24,25,34,44
358,3,12,16,32,33,15
359,11,17,28,29,36,42
360,7,12,18,31,55,30
361,8,17,25,28,53,1
362,5,18,21,28,36,20
363,7,9,41,53,54,38
364,8,16,21,25,27,16
365,9,14,34,50,51,40
366,2,4,5,40,48,7
367,8,18,21,42,46,11
368,9,22,37,41,43,30
369,5,25,31,33,34,41
370,7,8,47,51,52,5
371,3,12,21,38,44,45
372,6,10,26,30,33,16
373,14,15,31,32,43,20
374,9,10,12,22,41,4
375,14,25,26,31,56,17
376,6,20,23,40,56,36
377,10,37,39,49,54,8
378,11,24,27,49,55,23
379,14,20,25,40,44,37
380,15,19,20,32,38,21
381,8,11,28,37,53,12
382,7,27,32,37,38,30
383,5,21,27,44,53,36
384,24,32,37,39,40,44
385,18,22,28,44,53,46
386,31,34,36,51,55,4
387,2,7,8,18,29,46
388,1,35,53,54,56,44
389,29,31,32,41,52,42
390,2,16,25,30,48,26
391,24,39,40,43,46,2
392,27,36,43,49,54,33
393,16,25,31,43,46,28
394,14,23,27,36,45,36
395,3,5,12,16,34,27
396,2,4,35,36,48,22
397,25,29,38,39,46,4
398,15,27,36,38,42,32
399,4,17,18,51,54,31
400,27,28,30,42,50,22
401,8,11,23,48,52,5
402,4,16,17,28,31,8
403,1,2,17,47,49,19
404,14,18,35,39,49,14
405,4,7,19,50,52,15
406,9,25,48,51,56,7
407,1,18,31,46,52,37
408,2,12,45,46,56,20
409,8,10,18,29,33,10
410,13,14,25,34,50,6
411,2,4,7,27,41,4
412,1,20,32,37,39,9
413,16,29,32,36,55,12
414,7,11,22,27,31,33
415,8,20,39,53,55,10
416,7,15,24,43,44,22
417,6,36,39,45,52,45
418,7,24,40,48,50,15
419,5,12,31,51,56,1
420,17,21,28,48,54,1
421,12,14,20,47,48,24
422,2,13,28,34,45,36
423,3,10,18,36,38,41
424,5,29,35,52,53,9
425,8,17,18,26,47,37
426,1,20,23,24,33,29
427,27,30,36,38,45,13
428,11,21,37,53,54,12
429,13,17,24,34,56,24
430,2,14,20,29,44,32
431,20,40,46,48,54,27
432,9,15,31,42,45,41
433,7,15,27,46,56,39
434,5,14,34,36,52,42
435,13,25,26,28,56,39
436,12,13,29,49,52,20
437,18,26,35,36,43,24
438,7,21,24,41,51,10
439,2,13,23,32,35,4
440,14,29,32,43,49,14
441,2,24,31,50,55,44
442,1,5,13,18,33,30
443,14,16,38,40,49,29
444,10,12,22,44,48,16
445,5,12,13,46,50,10
446,3,4,5,7,36,16
447,17,24,35,46,54,33
448,15,25,37,38,52,4
449,5,6,51,53,55,12
450,1,32,36,42,53,4
451,9,17,34,52,53,2
452,3,16,25,30,44,42
453,6,26,33,39,55,1
454,2,19,44,45,56,43
455,7,12,17,22,43,16
456,3,6,38,42,45,30
457,3,25,43,45,55,40
458,6,19,32,33,40,39
459,1,11,20,21,46,18
460,14,30,35,40,43,2
461,24,27,42,47,50,8
462,6,18,20,28,38,37
463,9,13,23,29,54,34
464,5,25,41,48,51,35
465,15,22,26,30,32,31
466,5,34,40,45,46,21
467,8,10,22,25,55,22
468,13,22,33,51,52,42
469,11,42,52,53,55,28
470,9,20,24,25,36,23
471,5,19,25,30,50,42
472,7,13,20,42,47,9
473,14,35,40,47,48,35
474,7,14,24,41,56,7
475,16,22,23,37,53,35
476,6,9,13,43,46,45
477,1,15,29,32,45,8
478,20,30,31,35,49,23
479,6,7,17,28,40,39
480,9,32,37,42,48,7
481,5,12,15,25,34,43
482,7,12,25,44,53,3
483,3,4,10,39,50,29
484,9,10,38,51,53,1
485,2,12,44,46,51,6
486,7,11,26,38,54,13
487,12,14,26,40,42,22
488,4,8,15,33,52,10
489,4,28,30,31,35,17
490,3,5,15,26,53,35
491,16,17,36,49,54,14
492,14,18,44,52,56,25
493,22,33,35,40,53,15
494,16,21,35,36,46,38
495,32,39,46,48,49,41
496,3,9,24,29,41,41
497,17,35,40,46,48,41
498,1,9,26,46,51,11
499,3,18,21,38,50,43
500,18,31,44,45,48,18
501,14,21,33,35,51,43
502,16,22,29,39,42,20
503,10,13,25,42,43,30
504,7,11,16,38,49,35
505,17,25,36,40,43,9
506,7,21,46,49,55,15
507,18,21,35,51,53,36
508,18,25,34,35,42,6
509,15,23,37,48,53,22
510,16,26,33,34,46,38
511,24,32,34,36,39,6
512,7,15,16,19,28,10
513,11,14,21,25,26,33
514,1,4,11,31,47,37
515,1,9,10,23,53,40
516,8,10,35,36,43,14
517,5,7,26,38,56,15
518,11,16,31,52,53,42
519,4,9,20,45,55,34
520,16,24,41,43,54,36
521,28,30,33,48,54,25
522,6,13,42,46,56,42
523,13,23,24,30,44,5
524,2,7,11,22,36,35
525,10,14,22,42,43,1
526,2,24,44,51,54,7
527,12,19,29,32,48,9
528,27,35,38,49,56,15
529,6,26,29,31,39,31
530,3,13,19,31,50,21
531,1,5,16,26,30,21
532,5,16,31,49,54,19
533,11,14,21,24,31,23
534,4,10,20,29,45,21
535,1,17,40,51,52,7
536,21,35,37,39,40,35
537,3,9,12,25,47,37
538,19,24,30,34,56,19
539,7,39,41,48,53,21
540,16,30,38,46,51,5
541,6,13,30,41,52,26
542,8,17,20,23,50,17
543,7,12,35,54,55,2
544,5,18,37,39,43,42
545,16,29,42,46,51,40
546,36,41,50,55,56,9
547,10,20,32,33,54,39
548,5,8,9,24,34,17
549,2,8,33,38,53,12
550,8,38,54,55,56,2
551,4,21,46,51,53,5
552,37,40,48,53,56,44
553,8,18,22,40,44,11
554,3,6,11,42,46,38
555,14,19,27,34,48,3
556,9,10,17,21,35,6
557,5,9,12,33,40,27
558,20,24,31,34,49,8
559,5,21,23,33,45,43
560,2,19,23,47,54,16
561,4,13,20,25,33,42
562,28,37,40,43,44,20
563,10,19,37,40,48,1
564,1,10,17,32,51,44
565,21,26,34,44,54,23
566,1,2,5,41,44,25
567,5,15,18,23,46,14
568,2,7,45,52,53,18
569,12,20,24,38,51,3
570,2,8,44,46,51,22
571,1,3,34,49,52,19
572,3,17,43,46,47,2
573,11,33,41,42,46,21
574,15,26,36,39,40,45
575,12,13,30,31,39,29
576,14,20,23,42,43,6
577,18,21,33,42,56,11
578,9,10,26,29,39,10
579,5,6,12,26,51,7
580,16,27,30,45,53,43
581,12,18,26,28,51,35
582,6,25,27,30,45,46
583,4,7,12,17,30,44
584,3,23,46,48,49,2
585,14,19,20,43,53,7
586,2,19,22,28,54,25
587,13,16,25,30,54,11
588,24,31,39,40,56,32
589,10,29,45,52,54,10
590,22,36,42,45,55,42
591,21,30,42,44,50,6
592,12,22,33,43,44,15
593,12,15,22,25,33,2
594,5,12,22,38,56,22
595,8,23,39,40,42,24
596,3,14,30,44,56,5
597,4,5,17,40,51,38
598,21,30,43,46,50,18
599,14,27,39,47,50,12
600,7,11,26,30,53,14
601,1,38,42,55,56,34
602,7,12,13,19,22,10
603,9,12,30,36,55,15
604,5,17,22,26,55,38
605,7,15,30,33,56,22
606,19,32,33,41,48,12
607,4,13,35,41,47,44
608,3,12,18,25,52,21
609,13,15,20,25,44,37
610,5,8,17,19,41,21
611,38,42,43,48,53,12
612,7,26,27,40,43,10
613,4,17,26,46,56,25
614,3,5,40,45,49,17
615,8,9,31,37,44,38
616,14,18,27,31,42,7
617,12,13,27,48,50,30
618,24,28,36,50,53,29
619,3,22,31,48,54,9
620,19,32,37,45,52,41
621,19,24,35,44,51,26
622,8,28,37,53,55,26
623,4,21,46,53,54,26
624,16,31,43,46,56,22
625,20,24,27,31,47,15
626,6,11,39,46,47,26
627,2,14,26,32,41,32
628,4,8,11,22,30,4
629,14,24,32,45,49,17
630,39,40,47,53,55,32
631,4,19,24,32,54,5
632,8,9,43,44,54,27
633,3,5,15,43,51,11
634,8,9,14,38,44,36
635,5,14,25,47,49,36
636,11,17,25,36,42,13
637,10,22,36,50,53,39
638,8,14,22,39,50,44
639,1,22,33,43,52,36
640,1,3,12,19,20,28
641,1,20,22,29,41,35
642,5,14,16,39,51,34
643,19,24,34,45,51,40
644,17,29,36,53,55,26
645,2,16,23,29,32,46
646,2,16,19,35,52,17
647,11,13,20,30,42,3
648,9,13,17,18,56,2
649,9,21,36,38,55,13
650,11,17,28,32,50,33
651,2,7,23,38,40,40
652,8,23,29,30,53,7
653,9,18,19,26,40,38
654,12,13,15,41,42,37
655,6,16,24,34,36,30
656,21,25,26,50,51,22
657,14,23,43,44,54,39
658,1,6,15,27,46,39
659,22,23,28,49,52,2
660,1,12,14,25,35,38
661,13,24,39,51,52,44
662,2,9,41,48,51,37
663,9,32,34,43,52,4
664,6,13,14,31,36,36
665,9,30,35,39,49,36
666,13,28,32,41,52,16
667,2,25,35,38,42,34
668,14,15,43,46,48,21
669,14,35,41,42,51,23
670,7,15,27,28,31,35
671,16,19,39,42,44,38
672,5,33,34,47,52,18
673,6,39,45,46,48,36
674,2,7,17,29,47,40
675,10,21,23,41,55,9
676,14,24,32,43,44,21
677,5,27,38,42,55,41
678,3,18,19,30,34,3
679,10,15,22,52,53,12
680,1,22,52,53,56,45
681,2,11,22,51,52,46
682,10,30,44,46,48,44
683,2,17,22,32,51,35
684,21,27,46,52,55,14
685,11,12,26,31,33,27
686,10,16,19,27,48,25
687,10,14,16,29,40,6
688,3,13,16,39,54,32
689,1,8,13,27,41,45
690,6,19,29,33,37,31
691,1,22,29,44,52,39
692,2,11,19,21,34,38
693,3,11,12,19,33,30
694,23,25,30,45,50,8
695,22,25,33,36,48,40
696,2,4,21,39,51,29
697,1,9,10,35,46,9
698,2,17,20,27,28,7
699,3,11,12,14,21,25
700,13,16,19,53,55,2
701,4,15,29,43,56,29
702,2,12,18,28,31,3
703,18,29,38,43,47,7
704,25,36,37,40,51,20
705,1,9,23,27,33,24
706,21,28,41,45,55,24
707,1,27,28,35,40,6
708,24,37,44,50,56,35
709,26,32,35,43,52,10
710,11,18,37,46,55,45
711,2,27,31,39,40,23
712,10,12,26,46,50,23
713,9,15,24,28,31,17
714,15,16,20,39,40,26
715,4,25,34,43,44,45
716,10,15,24,38,50,19
717,14,39,47,48,53,29
718,16,22,38,39,48,42
719,2,4,13,17,36,15
720,18,25,36,42,51,22
721,4,11,22,48,50,42
722,5,13,26,35,45,32
723,5,24,37,47,52,6
724,9,20,21,48,49,7
725,15,20,24,36,44,6
726,9,16,24,40,43,35
727,5,23,38,39,54,3
728,12,27,29,32,34,34
729,4,8,10,14,51,31
730,7,12,24,36,48,27
731,2,4,9,15,42,13
732,3,29,34,42,49,29
733,9,18,21,37,55,33
734,23,30,36,39,48,34
735,9,13,26,30,35,33
736,5,20,38,41,52,20
737,5,17,31,36,56,46
738,6,11,20,32,44,38
739,9,15,21,26,45,25
740,4,9,12,16,46,44
741,12,14,16,31,50,9
742,11,15,17,29,46,16
743,7,34,49,54,55,34
744,5,6,7,11,25,31
745,25,27,35,38,39,28
746,5,10,26,27,28,4
747,20,29,35,45,53,41
748,8,17,40,47,50,13
749,3,8,21,50,52,2
750,3,6,43,51,52,36
751,4,17,24,25,48,34
752,17,35,44,52,56,22
753,1,28,34,42,50,27
754,7,18,35,45,56,3
755,6,12,15,32,42,40
756,8,22,25,33,35,46
757,4,5,26,37,56,25
758,9,38,44,48,49,13
759,3,12,19,22,40,2
760,1,17,31,37,54,31
761,2,9,28,51,53,19
762,2,4,6,21,44,37
763,4,10,18,28,50,35
764,16,27,48,49,54,2
765,29,30,32,35,41,39
766,18,27,31,36,52,33
767,26,29,33,39,46,24
768,7,27,42,49,52,19
769,2,21,25,45,50,21
770,15,24,51,53,55,11
771,9,33,51,53,56,39
772,3,14,21,24,51,14
773,17,31,34,45,51,24
774,10,13,18,33,51,43
775,13,17,25,45,55,8
776,27,45,48,54,56,2
777,7,13,37,46,51,2
778,4,15,17,29,38,20
779,5,18,23,31,38,20
780,7,11,27,40,46,8
781,8,21,29,34,37,15
782,27,43,45,49,54,44
783,8,22,27,49,50,28
784,3,4,7,16,56,39
785,10,11,35,37,50,12
786,12,25,37,39,45,11
787,17,30,39,52,53,21
788,4,33,41,51,56,38
789,20,23,28,30,46,29
790,2,21,27,34,44,45
791,27,31,32,36,47,35
792,10,20,30,44,49,24
793,3,33,35,39,45,13
794,2,5,29,35,51,3
795,6,8,27,40,41,21
796,13,28,39,50,55,10
797,18,20,31,36,43,33
798,5,9,31,37,56,16
799,4,7,19,21,38,29
800,4,5,34,38,41,18
801,8,13,27,28,52,9
802,7,8,38,39,48,22
803,1,10,22,23,38,19
804,6,7,26,27,49,9
805,10,20,45,51,53,41
806,2,17,20,26,48,12
807,14,16,17,33,47,23
808,11,12,21,29,45,5
809,1,22,39,42,46,36
810,4,16,36,40,53,18
811,4,14,29,54,56,40
812,9,12,47,48,56,25
813,11,31,34,44,52,32
814,14,16,18,19,29,16
815,2,15,25,48,53,41
816,3,22,48,52,56,13
817,10,31,45,50,54,25
818,3,25,28,29,40,13
819,23,41,46,47,52,22
820,1,11,24,38,44,41
821,2,17,22,30,31,19
822,16,43,44,52,56,26
823,15,18,39,48,53,3
824,3,12,27,39,47,32
825,10,16,31,48,50,44
826,5,8,10,34,42,25
827,19,26,28,37,52,18
828,23,37,41,50,55,6
829,14,20,41,47,53,40
830,9,21,31,36,43,8
831,2,7,20,34,50,40
832,26,33,43,46,54,9
833,20,21,40,47,56,12
834,11,13,19,37,40,26
835,15,20,23,26,30,17
836,5,14,17,19,24,25
837,3,11,20,29,39,26
838,12,27,44,45,51,30
839,12,13,15,17,50,23
840,12,18,28,48,54,6
841,6,13,33,34,42,25
842,4,12,13,21,27,46
843,11,36,37,41,55,7
844,12,17,21,23,30,24
845,1,2,13,19,27,21
846,3,4,15,27,37,35
847,1,10,12,32,36,25
848,8,18,45,47,50,36
849,1,31,33,34,50,41
850,7,11,14,15,34,14
851,2,15,18,20,39,34
852,12,18,28,36,43,19
853,16,19,39,44,49,26
854,2,7,10,16,29,8
855,11,30,40,48,52,42
856,4,13,20,22,56,32
857,7,13,30,33,54,30
858,2,14,26,50,56,12
859,6,17,24,43,55,36
860,11,19,40,43,44,33
861,4,13,20,29,48,36
862,4,23,24,28,32,31
863,4,10,26,32,41,31
864,10,20,29,47,48,38
865,10,13,20,28,36,9
866,8,18,22,24,38,23
867,11,12,17,21,23,20
868,6,14,50,55,56,1
869,3,4,14,18,27,13
870,3,20,43,47,52,26
871,2,28,38,42,55,25
872,2,10,13,36,38,18
873,3,8,21,28,52,43
874,10,19,24,37,44,27
875,24,29,37,48,50,19
876,10,31,36,37,43,15
877,9,10,13,31,50,10
878,2,9,14,37,42,41
879,2,7,18,32,53,18
880,15,21,30,31,32,26
881,4,19,26,28,39,14
882,1,3,12,16,54,46
883,19,25,34,46,53,15
884,8,26,28,33,53,11
885,9,26,28,35,38,10
886,1,26,27,39,46,21
887,7,14,31,51,54,35
888,2,6,12,34,35,33
889,5,9,34,43,47,8
890,11,16,19,47,53,2
891,6,11,12,18,56,12
892,4,38,45,53,54,9
893,23,27,33,44,46,36
894,18,22,25,31,38,29
895,11,20,26,46,53,12
896,8,11,12,31,32,29
897,15,16,27,40,52,16
898,6,18,36,40,49,7
899,10,12,13,35,56,9
900,4,8,15,25,47,42
901,4,22,42,46,53,20
902,1,4,11,16,45,37
903,2,15,17,33,35,8
904,4,27,29,38,45,5
905,5,9,21,35,38,20
906,5,8,31,46,50,4
907,14,33,48,49,50,18
908,16,22,23,26,35,31
909,6,20,29,48,55,6
910,25,35,36,47,48,18
911,8,9,17,32,34,13
912,17,18,24,35,39,18
913,5,6,7,30,45,42
914,15,22,23,48,55,31
915,4,5,17,19,50,7
916,1,12,19,20,47,25
917,8,10,15,23,41,7
918,3,17,19,41,55,24
919,14,19,21,42,45,6
920,10,11,12,28,43,45
921,14,33,34,54,56,37
922,1,14,35,50,53,43
923,22,24,31,52,54,4
924,6,15,23,34,38,43
925,13,14,35,36,53,19
926,1,19,20,31,36,9
927,6,40,45,50,56,11
928,10,23,39,41,45,15
929,22,23,33,39,48,29
930,20,24,32,45,51,43
931,3,18,46,51,53,17
932,19,29,32,38,55,15
933,9,10,11,33,51,29
934,1,16,29,36,50,16
935,6,18,26,37,41,9
936,11,16,34,40,51,34
937,3,33,39,47,53,9
938,1,2,17,25,48,45
939,10,17,19,45,48,30
940,9,12,21,42,43,42
941,5,7,14,28,56,10
942,28,30,31,37,55,13
943,20,23,41,49,53,31
944,29,32,35,47,52,13
945,18,21,27,37,38,7
946,9,10,20,51,53,24
947,12,29,46,47,51,24
948,11,24,25,31,46,17
949,10,14,40,49,51,4
950,12,17,27,47,48,33
951,12,17,30,35,47,26
952,1,10,13,18,46,19
953,1,2,22,37,50,45
954,3,9,11,44,49,9
955,16,29,30,46,56,6
956,2,9,10,16,35,40
957,23,31,32,39,56,38
958,20,25,35,52,55,10
959,8,10,22,47,48,35
960,14,17,19,20,32,28
961,6,24,28,33,42,19
962,11,19,39,45,54,15
963,9,43,51,54,55,13
964,4,38,41,42,43,44
965,5,15,53,54,56,22
966,11,21,44,48,49,23
967,2,3,27,30,47,36
968,2,22,25,28,50,18
969,25,44,48,49,55,20
970,1,36,38,42,49,19
971,7,12,19,23,31,45
972,22,31,43,48,56,45
973,6,23,41,45,56,24
974,6,29,38,50,51,39
975,27,31,32,40,52,36
976,2,20,28,36,45,37
977,3,19,21,44,45,29
978,3,26,40,45,52,11
979,5,15,19,23,38,19
980,25,34,38,44,56,27
981,13,35,42,45,54,26
982,24,25,45,47,53,42
983,6,21,35,37,38,17
984,13,33,40,44,46,8
985,13,31,49,52,56,41
986,27,31,39,40,46,36
987,26,30,32,33,44,1
988,5,31,45,47,54,4
989,2,16,22,29,50,27
990,3,6,24,30,33,21
991,4,13,33,39,55,3
992,4,16,23,33,48,38
993,22,28,42,49,54,43
994,17,29,43,48,52,36
995,24,30,48,51,56,45
996,7,21,29,35,49,39
997,4,12,29,49,51,44
998,5,6,22,26,41,6
999,2,4,26,36,39,27
1000,20,24,27,45,51,31
1001,3,5,8,18,29,14
1002,23,32,33,39,43,8
1003,4,24,45,46,52,1
1004,2,3,15,22,36,23
1005,9,17,28,34,48,46
1006,4,10,16,38,48,34
1007,10,27,28,37,51,19
1008,3,15,31,36,53,27
1009,1,9,28,38,47,8
1010,10,22,24,36,49,33
1011,3,5,30,36,48,23
1012,9,17,18,28,43,9
1013,7,19,21,49,53,35
1014,17,23,30,37,45,4
1015,3,4,18,29,50,20
1016,3,5,10,26,27,27
1017,16,25,28,32,40,3
1018,9,30,39,42,47,37
1019,1,16,18,25,27,3
1020,6,15,29,39,51,36
1021,16,29,48,52,54,5
1022,20,24,31,33,36,44
1023,9,10,27,36,42,11
1024,2,8,30,36,48,31
1025,28,29,43,51,53,7
1026,1,4,6,11,14,30
1027,6,17,19,20,21,20
1028,9,19,34,44,51,24
1029,2,4,23,38,46,23
1030,11,35,38,41,52,40
1031,2,19,20,24,33,39
1032,2,6,12,31,48,25
1033,9,14,17,36,42,33
1034,1,16,24,32,48,2
1035,14,23,26,33,35,40
1036,3,9,15,37,38,39
1037,2,5,45,46,47,37
1038,24,27,31,45,52,38
1039,4,11,21,42,53,38
1040,2,6,8,18,51,19
1041,3,15,29,35,54,8
1042,10,11,12,14,24,6
1043,3,11,22,34,49,1
1044,10,14,35,43,52,16
1045,9,15,21,40,54,11
1046,2,14,29,53,55,31
1047,2,27,38,46,52,45
1048,37,39,42,53,55,22
1049,4,9,34,40,48,25
1050,2,9,17,34,50,45
1051,8,12,18,30,40,4
1052,11,21,27,30,53,11
1053,10,16,19,32,36,13
1054,3,16,23,35,36,20
1055,28,34,39,45,53,34
1056,3,4,24,36,52,45
1057,20,23,28,35,39,21
1058,3,11,19,23,36,21
1059,6,7,13,24,46,34
1060,1,13,21,49,55,17
1061,2,44,48,50,52,3
1062,5,9,38,46,51,5
1063,2,3,4,8,43,26
1064,5,18,21,29,41,37
1065,2,10,13,38,46,2
1066,30,32,33,42,48,7
1067,10,18,36,38,44,8
1068,15,23,34,39,55,32
1069,8,20,24,35,56,24
1070,5,13,20,23,33,30
1071,25,34,45,46,49,34
1072,4,9,40,45,50,39
1073,31,40,41,47,48,45
1074,16,32,39,41,53,16
1075,15,32,38,42,46,31
1076,5,11,20,33,36,11
1077,16,17,21,40,51,20
1078,5,9,22,36,49,36
1079,3,13,14,46,55,34
1080,7,8,23,50,51,26
1081,6,8,14,43,56,28
1082,10,11,20,42,55,9
1083,8,9,16,32,39,15
1084,6,15,16,22,37,3
1085,6,10,24,26,42,15
1086,13,37,40,46,52,29
1087,14,34,36,48,53,42
1088,1,17,42,46,55,1
1089,4,15,24,36,40,44
1090,5,12,18,29,56,38
1091,4,18,22,38,44,24
1092,3,5,13,32,35,6
1093,18,22,33,35,40,11
1094,6,12,31,46,56,34
1095,5,24,26,29,53,36
1096,9,13,22,38,52,44
1097,8,37,44,47,48,27
1098,5,12,26,42,49,24
1099,11,22,24,28,31,46
1100,3,19,24,32,43,44
1101,7,43,44,51,56,4
1102,39,44,51,52,54,13
1103,11,28,33,41,43,41
1104,1,6,7,18,29,16
1105,3,18,32,41,56,19
1106,2,3,18,34,48,36
1107,10,13,32,40,41,32
1108,4,11,21,25,44,29
1109,1,2,23,25,55,39
1110,3,20,21,38,42,19
1111,24,29,30,34,56,1
1112,1,6,12,19,41,14
1113,8,18,25,42,49,14
1114,7,11,16,39,54,13
1115,11,12,17,31,48,1
1116,8,12,27,46,47,6
1117,1,30,32,40,41,17
1118,2,5,10,26,44,46
1119,6,15,20,39,50,5
1120,9,22,32,38,55,44
1121,11,35,41,42,44,42
1122,1,15,19,30,56,28
1123,9,13,24,38,49,30
1124,6,7,13,15,43,7
1125,17,30,38,43,51,20
1126,6,20,39,41,46,42
1127,4,11,25,34,35,44
1128,9,12,19,20,30,39
1129,4,8,17,22,32,8
1130,3,6,14,21,37,35
1131,14,27,34,37,41,38
1132,20,33,46,49,51,46
1133,25,31,36,46,53,21
1134,7,10,14,40,47,34
1135,8,15,23,36,41,5
1136,17,30,41,48,54,13
1137,1,10,13,19,21,28
1138,2,5,15,18,39,42
1139,6,8,12,22,43,28
1140,9,21,22,32,50,10
1141,17,42,49,54,55,31
1142,21,30,34,39,49,43
1143,2,20,34,42,54,39
1144,1,6,13,20,51,31
1145,1,19,20,39,49,28
1146,6,10,12,28,32,38
1147,11,15,35,43,49,41
1148,2,15,17,48,55,11
1149,4,5,16,18,53,28
1150,4,12,25,32,54,36
1151,2,20,26,44,46,26
1152,10,11,12,20,55,19
1153,1,10,37,48,55,21
1154,15,40,45,50,53,28
1155,2,5,31,33,34,20
1156,6,17,34,40,48,30
1157,3,14,17,40,50,3
1158,3,5,28,33,51,16
1159,8,15,35,46,52,38
1160,36,42,51,52,53,40
1161,2,23,41,47,54,42
1162,3,21,43,45,48,14
1163,4,5,25,27,51,10
1164,10,14,21,40,53,20
1165,16,20,24,39,42,46
1166,25,32,35,50,51,46
1167,4,22,23,27,38,42
1168,25,27,36,42,44,39
1169,8,21,23,25,39,4
1170,1,11,16,51,55,41
1171,11,20,30,34,38,12
1172,2,31,32,37,41,40
1173,7,13,26,36,46,37
1174,13,28,35,38,41,33
1175,1,9,17,20,53,14
1176,4,7,30,36,38,38
1177,6,19,24,43,44,33
1178,4,13,14,28,41,28
1179,2,16,17,22,41,31
1180,2,12,18,54,56,1
1181,9,22,28,48,54,8
1182,6,15,27,31,39,25
1183,1,15,20,21,47,34
1184,4,11,32,39,40,33
1185,9,23,27,49,51,38
1186,7,10,30,37,53,1
1187,4,16,24,25,44,5
1188,6,15,19,23,40,5
1189,3,27,37,45,48,46
1190,4,23,30,43,50,11
1191,2,3,19,52,71,14
1192,6,16,45,54,60,15
1193,20,33,50,53,54,7
1194,32,35,49,62,67,1
1195,2,11,42,64,74,2
1196,41,42,51,57,65,7
1197,20,30,32,42,71,15
1198,25,44,49,54,63,8
1199,14,15,29,49,63,2
1200,17,23,35,36,44,8
1201,27,44,59,74,75,3
1202,9,41,43,47,57,5
1203,7,12,41,44,59,3
1204,11,29,44,63,64,3
1205,5,12,22,41,65,13
1206,19,24,26,27,70,12
1207,8,14,17,20,39,7
1208,3,4,31,49,57,6
1209,23,34,53,58,73,2
1210,4,15,35,48,49,11
1211,8,12,34,52,58,8
1212,22,24,25,40,70,5
1213,13,34,56,62,64,6
1214,8,28,36,37,57,8
1215,4,23,26,62,69,13
1216,1,10,26,31,51,11
1217,8,23,33,45,52,4
1218,22,45,46,47,65,10
1219,7,16,28,53,60,2
1220,3,9,13,47,52,8
1221,25,44,49,60,73,9
1222,11,21,23,35,64,10
1223,43,64,67,71,73,4
1224,20,28,35,71,72,7
1225,23,29,31,37,70,14
1226,23,29,32,45,46,15
1227,12,18,25,35,66,15
1228,3,31,50,58,59,6
1229,10,29,31,35,45,10
1230,11,13,51,57,69,1
1231,9,14,56,57,69,10
1232,7,20,40,54,69,12
1233,11,19,24,33,51,7
1234,2,23,30,35,53,10
1235,19,26,51,57,73,15
1236,2,3,9,50,73,12
1237,10,23,68,74,75,9
1238,1,10,15,41,54,9
1239,35,36,41,60,71,3
1240,3,42,44,47,57,8
1241,4,39,46,47,70,13
1242,18,25,38,45,63,9
1243,2,18,19,49,50,1
1244,3,11,18,20,66,9
1245,7,43,59,61,66,3
1246,1,18,26,35,40,13
1247,18,20,27,48,51,5
1248,10,28,39,51,59,14
1249,37,46,48,70,74,1
1250,13,14,16,50,56,11
1251,10,40,63,64,69,7
1252,12,14,21,38,70,15
1253,1,6,10,46,58,13
1254,10,13,42,43,62,2
1255,19,28,62,66,74,6
1256,12,29,37,49,72,9
1257,2,10,24,26,74,7
1258,7,38,46,49,56,1
1259,10,14,24,47,60,3
1260,1,22,25,29,56,3
1261,13,17,24,47,65,10
1262,15,29,31,46,64,10
1263,9,22,38,47,49,15
1264,16,33,39,58,69,2
1265,14,25,27,48,49,9
1266,9,13,30,35,69,10
1267,2,4,17,36,40,5
1268,5,8,59,65,72,3
1269,14,18,22,31,47,15
1270,22,29,33,41,68,12
1271,2,8,16,43,74,1
1272,13,29,34,37,72,6
1273,25,28,36,45,53,6
1274,9,16,61,70,75,7
1275,32,53,60,63,68,6
1276,16,19,28,29,68,9
1277,22,39,56,67,71,15
1278,5,31,34,41,74,3
1279,29,31,51,60,64,1
1280,3,26,45,58,73,12
1281,1,8,54,69,72,1
1282,7,12,20,24,59,7
1283,25,34,55,70,71,1
1284,18,28,33,36,42,7
1285,25,45,51,53,73,2
1286,16,25,27,29,34,2
1287,21,24,25,40,43,12
1288,17,26,35,46,62,9
1289,3,16,52,54,61,6
1290,3,20,34,58,67,6
1291,16,29,46,48,55,2
1292,2,32,35,50,59,3
1293,11,37,46,64,68,15
1294,21,31,43,56,60,12
1295,5,35,37,41,66,11
1296,2,14,21,28,55,3
1297,3,50,57,58,60,11
1298,11,29,36,58,67,15
1299,9,15,24,39,41,1
1300,31,35,41,65,66,5
1301,23,25,28,30,75,11
1302,3,49,61,62,68,15
1303,37,39,53,68,75,6
1304,3,12,35,37,63,15
1305,10,11,29,47,56,4
1306,8,26,29,36,47,10
1307,13,18,22,49,62,11
1308,4,5,11,51,59,5
1309,27,45,49,51,52,14
1310,2,31,46,58,65,7
1311,41,58,68,72,73,1
1312,14,18,58,59,68,4
1313,4,10,31,56,66,7
1314,2,5,10,20,38,14
1315,3,7,44,63,67,12
1316,13,15,35,62,74,12
1317,12,20,27,38,75,4
1318,37,49,50,56,57,8
1319,12,20,25,50,51,7
1320,26,32,44,45,58,11
1321,31,35,56,59,63,6
1322,14,15,32,68,72,8
1323,5,26,27,44,57,7
1324,18,31,39,45,55,6
1325,11,22,25,58,69,13
1326,5,6,17,33,68,13
1327,7,42,53,58,71,15
1328,4,20,44,65,74,14
1329,6,45,50,65,66,1
1330,2,6,8,52,66,13
1331,15,23,26,45,66,4
1332,7,49,53,60,64,4
1333,9,11,42,44,50,3
1334,30,48,55,68,73,5
1335,10,14,19,30,73,14
1336,8,22,30,42,45,3
1337,11,27,44,45,58,3
1338,7,50,54,61,75,7
1339,2,23,32,45,55,12
1340,17,21,36,58,70,3
1341,8,26,41,61,73,11
1342,10,36,47,63,74,2
1343,5,15,22,26,64,6
1344,6,11,32,46,68,9
1345,3,7,25,68,71,3
1346,15,18,29,41,50,5
1347,31,33,35,41,69,11
1348,24,25,29,47,67,4
1349,22,27,55,58,63,11
1350,17,18,61,66,74,3
1351,11,21,42,62,71,7
1352,9,21,25,66,72,7
1353,14,30,33,36,44,2
1354,11,17,21,36,74,15
1355,10,12,21,29,65,10
1356,3,14,15,25,48,8
1357,1,39,52,69,72,12
1358,20,27,38,49,66,2
1359,2,9,11,22,23,12
1360,7,22,27,41,49,10
1361,6,16,17,25,36,7
1362,1,40,42,56,62,2
1363,8,19,26,56,67,14
1364,4,35,36,52,68,8
1365,6,13,38,56,70,2
1366,12,23,33,47,50,3
1367,11,17,34,43,50,15
1368,33,50,64,71,72,9
1369,6,15,16,28,49,14
1370,24,27,45,51,54,8
1371,19,24,30,35,72,5
1372,6,17,30,31,41,15
1373,20,30,62,65,74,1
1374,10,12,26,60,62,13
1375,8,35,61,68,75,15
1376,28,32,33,40,46,10
1377,2,19,44,51,57,14
1378,1,38,53,63,66,10
1379,3,8,29,57,68,8
1380,12,15,20,52,71,3
1381,2,7,33,39,53,9
1382,13,15,21,41,72,1
1383,5,44,54,59,63,1
1384,13,35,40,60,68,9
1385,2,5,35,40,54,13
1386,17,21,39,52,57,5
1387,19,20,36,41,46,7
1388,5,11,31,50,67,14
1389,7,20,35,49,56,9
1390,17,34,35,51,65,7
1391,28,30,38,45,51,8
1392,3,8,38,51,64,4
1393,8,21,30,61,62,9
1394,4,14,29,31,47,9
1395,17,58,63,64,66,13
1396,8,9,21,63,75,14
1397,7,9,24,38,52,1
1398,2,38,48,61,68,4
1399,6,25,35,38,52,4
1400,25,32,37,45,70,1
1401,9,26,27,29,74,4
1402,17,41,51,53,56,15
1403,16,29,44,69,74,12
1404,10,31,35,50,72,8
1405,8,17,20,45,71,4
1406,17,18,31,35,59,9
1407,12,14,18,24,61,10
1408,9,12,29,37,67,15
1409,2,19,30,38,70,8
1410,16,20,39,56,59,12
1411,5,7,25,50,59,12
1412,26,42,47,61,73,6
1413,7,17,37,49,73,15
1414,14,20,43,54,69,5
1415,18,25,47,51,61,5
1416,6,23,24,28,62,7
1417,11,21,40,50,70,15
1418,15,25,29,44,51,4
1419,20,25,55,62,74,7
1420,7,18,37,38,39,9
1421,1,4,36,48,57,13
1422,11,39,51,57,75,2
1423,15,27,29,31,48,15
1424,29,41,53,54,70,12
1425,2,17,31,39,47,9
1426,21,25,40,46,56,3
1427,14,27,39,50,69,2
1428,20,28,49,51,52,6
1429,7,13,25,51,70,9
1430,4,6,23,55,75,2
1431,3,42,46,56,71,13
1432,1,7,44,68,73,1
1433,9,31,33,46,64,4
1434,2,27,41,50,75,4
1435,16,32,39,53,57,10
1436,3,15,19,62,74,14
1437,1,29,33,34,55,6
1438,21,26,33,48,73,14
1439,27,37,54,66,69,5
1440,14,18,48,54,71,13
1441,18,26,30,44,68,7
1442,5,8,57,59,73,13
1443,6,19,34,38,70,5
1444,4,11,12,35,46,12
1445,33,38,40,46,49,15
1446,25,28,33,41,69,6
1447,13,45,52,53,57,10
1448,31,38,52,65,71,15
1449,7,11,59,62,63,3
1450,9,10,34,37,73,9
1451,9,28,40,57,65,2
1452,2,19,21,42,60,13
1453,14,16,17,28,48,2
1454,5,6,37,55,74,10
1455,28,29,33,36,45,15
1456,14,26,27,32,36,7
1457,12,22,46,56,74,4
1458,20,21,38,54,66,7
1459,17,24,27,48,75,6
1460,19,24,26,40,68,8
1461,11,50,51,70,75,15
1462,18,41,50,68,70,9
1463,9,31,34,41,49,8
1464,32,54,65,66,71,10
1465,25,48,51,65,72,4
1466,34,61,66,67,68,7
1467,36,37,38,52,62,6
1468,20,23,30,44,59,9
1469,6,13,21,49,50,10
1470,11,14,54,57,63,11
1471,15,17,20,35,55,7
1472,20,41,42,45,49,14
1473,29,46,53,64,73,10
1474,8,19,20,55,73,5
1475,6,8,22,46,68,4
1476,16,51,52,56,58,4
1477,3,34,54,65,66,4
1478,8,24,25,26,30,7
1479,1,4,31,36,54,9
1480,11,16,19,31,48,4
1481,3,12,36,54,70,12
1482,5,18,28,54,74,6
1483,12,19,20,44,66,1
1484,4,41,44,56,69,10
1485,2,43,52,62,63,6
1486,22,37,45,65,73,13
1487,2,7,46,61,66,1
1488,10,11,31,41,44,14
1489,28,32,41,51,71,11
1490,22,28,41,46,60,3
1491,25,37,58,69,75,8
1492,1,34,43,44,63,11
1493,6,15,17,39,56,15
1494,13,21,28,34,40,15
1495,2,22,34,62,72,2
1496,1,5,8,25,62,14
1497,14,16,26,53,72,4
1498,21,30,47,50,57,9
1499,18,29,30,54,66,1
1500,24,37,42,50,65,14
1501,36,39,42,45,48,3
1502,7,27,60,64,74,5
1503,7,24,28,65,74,1
1504,12,43,44,48,66,3
1505,8,9,24,49,67,13
1506,7,38,46,57,66,2
1507,19,24,31,39,45,13
1508,10,29,32,44,46,10
1509,46,48,53,61,74,12
1510,16,40,47,53,59,11
1511,9,17,23,57,71,6
1512,31,32,49,55,58,15
1513,1,43,45,66,69,7
1514,44,47,49,69,75,10
1515,22,33,49,51,59,8
1516,3,33,35,49,51,1
1517,13,34,48,53,63,12
1518,19,27,47,67,68,1
1519,2,15,26,34,41,14
1520,1,8,15,36,43,6
1521,1,12,14,48,65,2
1522,21,30,39,60,69,15
1523,2,28,30,38,39,11
1524,6,21,33,39,43,2
1525,14,16,23,49,53,12
1526,6,10,44,47,54,6
1527,11,20,40,41,59,15
1528,10,44,58,74,75,11
1529,20,31,54,56,59,3
1530,7,9,24,41,53,14
1531,8,42,54,63,67,11
1532,17,37,53,54,61,8
1533,3,14,27,62,72,4
1534,3,6,29,30,64,3
1535,23,28,37,56,71,12
1536,32,39,51,62,75,14
1537,7,11,33,60,68,15
1538,4,56,58,67,75,8
1539,9,21,30,32,75,9
1540,12,29,33,42,68,14
1541,20,33,45,58,69,4
1542,14,26,39,48,51,9
1543,3,30,45,53,68,11
1544,26,38,42,58,70,5
1545,16,23,28,33,59,13
1546,11,27,31,58,60,10
1547,4,45,53,73,75,7
1548,5,28,37,61,69,1
1549,30,33,35,37,46,10
1550,17,24,27,32,58,10
1551,13,24,34,35,55,9
1552,30,33,43,47,69,15
1553,19,34,35,38,49,8
1554,5,10,55,60,73,12
1555,8,29,30,43,64,6
1556,1,12,13,32,34,10
1557,3,13,33,40,50,2
1558,6,13,18,20,31,13
1559,5,14,42,43,58,1
1560,4,23,33,47,53,7
1561,6,29,45,69,73,11
1562,28,34,41,42,47,13
1563,4,35,39,56,72,11
1564,1,4,5,24,30,1
1565,6,13,17,33,60,14
1566,25,26,28,37,56,5
1567,5,20,32,37,67,5
1568,7,42,57,69,72,10
1569,3,5,16,49,75,5
1570,3,16,28,33,37,9
1571,27,51,62,68,75,8
1572,18,22,26,30,44,9
1573,2,15,41,49,63,3
1574,12,20,53,66,74,11
1575,4,21,45,52,57,14
1576,10,38,51,55,64,6
1577,16,39,47,53,71,15
1578,2,9,11,28,60,10
1579,7,18,24,55,74,10
1580,11,12,24,32,73,1
1581,8,12,23,51,73,6
1582,18,31,36,50,74,10
1583,2,5,26,58,60,6
1584,4,6,31,49,52,11
1585,20,22,52,57,73,7
1586,9,17,25,63,71,4
1587,11,17,50,52,74,14
1588,23,33,53,56,58,6
1589,7,16,20,66,73,7
1590,1,31,34,40,75,6
1591,24,35,46,50,51,7
1592,17,38,42,51,65,11
1593,2,13,17,35,73,3
1594,4,13,31,50,64,12
1595,11,17,59,70,72,1
1596,4,5,14,26,73,14
1597,26,37,41,54,65,3
1598,18,24,34,38,58,3
1599,9,28,31,50,61,10
1600,5,39,54,63,66,15
1601,1,10,57,66,75,4
1602,25,51,62,73,74,7
1603,12,18,19,25,67,7
1604,21,33,36,45,56,12
1605,7,16,24,61,62,2
1606,2,7,18,26,31,12
1607,31,45,49,56,70,11
1608,6,23,63,66,73,9
1609,20,24,34,56,64,6
1610,17,27,41,51,52,13
1611,6,28,31,52,53,12
1612,10,22,42,61,69,3
1613,1,54,60,68,69,11
1614,6,23,38,42,58,24
1615,1,14,21,22,28,19
1616,3,26,55,58,70,15
1617,3,7,22,27,50,3
1618,16,36,54,61,64,22
1619,10,17,47,51,61,5
1620,16,22,40,41,59,8
1621,14,15,37,42,67,22
1622,6,37,46,60,70,24
1623,8,23,24,25,27,9
1624,4,12,36,44,57,19
1625,28,37,39,42,58,2
1626,1,20,30,33,42,16
1627,10,12,20,38,41,25
1628,4,10,18,28,62,7
1629,1,42,47,64,70,22
1630,28,30,39,59,70,10
1631,16,29,31,65,67,23
1632,17,18,33,46,60,24
1633,3,11,23,29,59,18
1634,3,17,23,49,66,23
1635,2,6,30,31,55,7
1636,10,16,27,38,43,1
1637,29,41,42,49,57,24
1638,1,4,14,17,40,4
1639,14,17,25,48,58,25
1640,28,34,41,46,47,14
1641,5,12,15,46,49,1
1642,14,38,48,53,58,16
1643,17,19,23,24,43,14
1644,7,11,13,19,58,9
1645,10,17,21,38,43,23
1646,24,28,42,60,64,8
1647,1,4,26,35,39,22
1648,7,17,18,46,66,22
1649,6,30,58,60,61,17
1650,1,13,26,33,52,11
1651,14,38,51,64,70,9
1652,4,8,23,53,59,17
1653,7,25,43,56,59,13
1654,11,28,31,46,59,1
1655,4,29,39,42,62,14
1656,16,33,51,54,67,20
1657,5,13,31,43,53,20
1658,8,9,32,42,59,10
1659,12,34,44,47,65,22
1660,1,15,18,32,45,4
1661,3,19,31,32,48,10
1662,2,29,38,63,66,11
1663,2,7,20,55,70,1
1664,4,5,10,12,18,21
1665,8,15,39,64,67,13
1666,14,38,40,53,70,22
1667,21,34,44,49,61,21
1668,9,26,53,64,66,11
1669,16,17,21,36,48,9
1670,11,14,51,64,68,25
1671,2,11,55,58,67,2
1672,5,24,52,62,66,17
1673,22,33,41,48,52,4
1674,14,30,33,44,56,13
1675,1,3,5,8,70,3
1676,1,11,37,47,51,6
1677,11,13,28,65,70,14
1678,2,6,11,27,44,20
1679,17,25,29,39,60,19
1680,2,32,47,49,68,23
1681,13,35,45,49,68,23
1682,2,10,46,50,56,16
1683,1,17,28,56,70,14
1684,21,22,39,59,68,2
1685,40,41,61,66,67,12
1686,1,14,30,44,62,1
1687,1,2,4,19,29,20
1688,1,32,40,49,63,20
1689,12,15,35,64,69,9
1690,9,28,30,54,60,2
1691,2,13,15,21,62,2
1692,1,3,12,22,42,6
1693,11,26,44,45,46,11
1694,1,31,32,47,56,3
1695,14,16,19,38,57,11
1696,1,6,13,18,49,8
1697,3,20,33,34,41,20
1698,7,18,29,32,45,17
1699,2,7,25,35,44,3
1700,8,10,41,54,68,10
1701,15,30,51,62,67,19
1702,23,30,40,43,66,13
1703,31,32,43,63,68,17
1704,1,2,11,52,64,9
1705,8,16,32,48,61,12
1706,39,45,52,56,59,15
1707,2,22,29,31,34,1
1708,27,28,32,41,69,12
1709,20,22,39,54,60,18
1710,4,24,46,61,70,7
1711,3,45,49,61,69,9
1712,15,23,53,65,70,7
1713,5,28,62,65,70,5
1714,1,28,61,62,63,5
1715,20,31,39,46,49,23
1716,3,23,28,46,62,16
1717,28,34,37,56,69,12
1718,8,14,27,57,67,5
1719,34,46,57,65,69,11
1720,33,36,63,68,69,16
1721,10,16,31,42,66,10
1722,7,10,30,33,59,23
1723,12,24,37,42,57,18
1724,25,28,40,43,63,19
1725,28,31,41,42,50,4
1726,4,10,20,33,57,13
1727,4,38,39,54,59,12
1728,5,22,26,43,49,23
1729,13,22,32,60,69,9
1730,10,13,61,62,70,5
1731,2,8,42,43,50,6
1732,9,10,25,37,38,21
1733,34,44,57,62,70,14
1734,21,29,35,54,60,15
1735,13,26,29,38,64,5
1736,4,5,31,62,69,20
1737,29,52,58,60,62,7
1738,2,43,48,62,64,24
1739,4,15,37,59,64,16
1740,8,16,30,38,61,10
1741,10,33,53,54,62,22
1742,2,37,48,66,68,11
1743,3,34,36,59,66,7
1744,14,24,31,42,48,13
1745,15,32,39,50,65,7
1746,10,38,40,43,65,12
1747,17,24,34,56,65,3
1748,18,24,31,34,55,4
1749,10,12,14,24,60,20
1750,29,33,39,60,66,21
1751,15,20,32,37,52,6
1752,4,9,42,62,68,7
1753,10,12,16,49,57,18
1754,3,29,56,62,64,4
1755,10,42,53,67,68,15
1756,7,36,58,60,62,10
1757,4,14,22,43,58,9
1758,5,14,15,62,66,3
1759,33,47,58,59,64,25
1760,8,22,24,38,64,21
1761,11,22,34,44,58,9
1762,1,24,25,40,70,4
1763,11,29,34,48,54,10
1764,18,25,43,44,57,25
1765,7,24,30,48,67,9
1766,9,17,23,30,46,10
1767,24,37,41,61,70,20
1768,8,16,22,66,68,11
1769,3,6,34,54,63,19
1770,3,16,21,61,62,19
1771,11,59,66,67,68,18
1772,5,17,28,32,63,11
1773,10,50,55,56,58,15
1774,14,41,44,56,62,10
1775,9,21,34,42,50,21
1776,7,8,26,65,67,4
1777,25,37,46,48,68,25
1778,17,19,27,40,68,2
1779,20,34,39,43,57,13
1780,19,40,47,57,65,6
1781,12,14,22,24,48,21
1782,13,30,36,48,62,18
1783,24,33,45,47,61,17
1784,2,35,49,53,63,1
1785,3,25,37,40,55,13
1786,6,38,47,57,63,12
1787,12,26,40,48,64,1
1788,8,25,38,56,59,7
1789,8,16,31,48,52,23
1790,16,18,28,33,67,14
1791,1,4,23,40,45,11
1792,4,6,11,43,48,11
1793,10,24,28,33,38,6
1794,11,20,26,48,70,19
1795,11,17,31,43,55,16
1796,15,53,56,59,63,1
1797,7,27,31,34,51,5
1798,4,14,24,26,46,14
1799,8,14,25,51,63,4
1800,11,15,37,54,68,21
1801,8,12,23,39,43,6
1802,3,9,11,34,39,10
1803,13,20,27,61,62,5
1804,4,11,13,19,31,10
1805,34,47,48,50,55,24
1806,6,16,37,59,62,5
1807,12,15,30,50,65,1
1808,23,24,42,48,53,22
1809,6,14,24,42,46,9
1810,12,20,31,43,45,20
1811,10,17,39,42,59,3
1812,11,38,44,48,70,17
1813,5,8,10,17,48,23
1814,14,22,30,37,60,8
1815,4,12,14,35,70,2
1816,18,58,60,65,67,20
1817,5,11,14,23,25,10
1818,16,24,25,52,60,6
1819,4,9,17,27,39,22
1820,9,20,36,41,54,22
1821,2,9,24,49,54,19
1822,3,4,10,39,58,14
1823,19,30,44,56,65,24
1824,12,19,34,35,68,20
1825,22,43,44,47,66,22
1826,7,12,17,49,53,24
1827,8,27,29,38,43,13
1828,6,8,31,50,65,9
1829,23,43,60,63,69,19
1830,20,31,40,46,61,20
1831,18,31,46,54,61,25
1832,17,21,29,39,56,22
1833,22,30,53,55,56,16
1834,3,20,23,35,60,16
1835,27,37,48,63,66,11
1836,17,34,40,63,64,24
1837,30,44,49,53,56,11
1838,37,41,42,53,63,16
1839,25,40,41,52,56,21
1840,17,27,49,51,66,2
1841,9,11,13,31,47,11
1842,3,25,30,54,70,9
1843,16,18,29,31,37,8
1844,3,4,18,23,38,24
1845,17,36,47,51,62,21
1846,28,31,33,57,62,19
1847,32,48,50,51,64,10
1848,9,14,27,36,52,4
1849,4,6,32,52,64,6
1850,10,32,48,54,55,18
1851,6,12,39,61,70,4
1852,4,7,13,16,60,6
1853,2,9,43,49,63,15
1854,2,3,14,41,64,17
1855,8,12,33,56,64,2
1856,15,48,56,58,70,4
1857,6,17,48,54,69,12
1858,7,22,37,43,44,22
1859,20,27,28,58,59,25
1860,34,35,41,45,54,5
1861,2,8,16,18,31,14
1862,3,25,28,50,60,1
1863,8,17,51,57,70,2
1864,24,38,44,57,58,17
1865,25,33,43,51,68,20
1866,2,11,21,57,60,13
1867,29,47,65,69,70,7
1868,13,35,39,46,55,14
1869,13,15,24,67,70,17
1870,1,27,32,60,67,18
1871,13,19,53,54,63,17
1872,28,30,31,35,66,14
1873,7,13,17,21,45,14
1874,5,20,22,61,70,4
1875,7,16,27,44,52,5
1876,11,17,32,33,46,25
1877,8,19,25,36,66,9
1878,8,10,20,44,46,18
1879,34,52,58,59,62,4
1880,10,13,32,41,51,3
1881,9,20,23,26,29,8
1882,32,35,37,47,55,22
1883,1,5,9,10,23,22
1884,9,14,57,67,70,2
1885,21,23,33,35,42,6
1886,11,34,36,52,66,7
1887,6,20,37,40,48,15
1888,19,33,37,56,57,6
1889,9,16,29,37,53,11
1890,20,40,44,45,50,24
1891,16,20,25,30,43,18
1892,10,15,20,49,53,22
1893,6,26,55,56,64,22
1894,12,13,21,46,57,21
1895,14,25,26,41,43,15
1896,8,33,39,54,58,17
1897,17,20,27,31,34,19
1898,12,35,46,48,69,23
1899,2,22,30,42,62,20
1900,4,44,53,64,70,3
1901,8,22,29,43,56,9
1902,3,24,29,42,47,13
1903,4,18,26,27,58,23
1904,11,15,31,42,63,14
1905,8,10,15,17,57,12
1906,3,9,50,53,64,1
1907,15,25,26,38,47,22
1908,19,22,24,28,53,25
1909,7,10,15,31,57,21
1910,3,15,42,48,56,13
1911,25,28,38,59,62,22
1912,26,29,41,52,64,11
1913,36,43,44,55,68,12
1914,20,36,37,48,67,16
1915,14,39,43,44,67,19
1916,9,38,47,49,68,25
1917,15,16,18,39,59,17
1918,5,11,25,27,64,13
1919,11,44,45,46,70,25
1920,27,32,50,52,57,12
1921,46,54,57,58,66,10
1922,18,34,44,60,69,22
1923,6,13,34,46,62,1
1924,14,19,34,39,59,11
1925,7,31,44,45,55,19
1926,18,24,27,34,60,2
1927,23,45,53,58,62,13
1928,6,7,14,28,59,7
1929,8,13,35,46,68,16
1930,26,33,45,61,68,17
1931,9,15,34,61,64,6
1932,4,10,27,35,58,10
1933,7,33,53,61,65,14
1934,3,19,24,44,50,8
1935,15,19,33,39,68,25
1936,19,31,37,55,67,25
1937,1,10,18,20,46,15
1938,7,15,25,51,60,5
1939,29,53,56,59,67,21
1940,17,23,36,69,70,19
1941,1,31,35,48,62,19
1942,8,24,53,68,69,7
1943,20,43,51,55,57,4
1944,3,6,16,18,58,11
1945,12,14,26,28,33,9
1946,3,11,12,38,43,15
1947,10,19,26,28,50,16
1948,4,26,42,50,60,24
1949,29,49,56,66,67,24
1950,4,44,58,59,70,3
1951,13,37,38,40,67,10
1952,14,17,28,29,44,2
1953,7,18,21,31,40,9
1954,5,14,24,25,27,14
1955,1,36,44,54,66,10
1956,27,32,47,50,53,4
1957,5,7,9,20,57,15
1958,11,15,37,62,64,5
1959,4,8,13,34,64,18
1960,10,11,17,27,54,20
1961,4,33,46,58,65,13
1962,2,24,25,31,65,18
1963,10,41,46,52,69,8
1964,9,14,40,58,69,8
1965,12,23,35,38,55,11
1966,4,25,37,46,67,15
1967,11,37,47,53,56,15
1968,10,42,48,53,62,19
1969,1,19,20,32,42,17
1970,22,26,27,58,66,12
1971,10,15,19,45,68,9
1972,17,27,28,50,55,25
1973,6,23,43,49,52,5
1974,4,28,29,30,60,25
1975,15,22,30,41,42,25
1976,8,19,26,48,49,5
1977,4,27,32,57,63,22
1978,5,10,19,21,50,10
1979,7,8,20,36,39,22
1980,3,18,41,44,68,3
1981,3,5,56,61,66,4
1982,6,9,17,18,48,8
1983,14,21,31,34,54,11
1984,10,14,20,47,70,15
1985,7,11,33,58,63,23
1986,4,30,34,41,64,8
1987,9,22,39,41,54,19
1988,4,43,56,63,68,13
1989,18,22,27,38,52,11
1990,14,36,44,46,53,18
1991,1,26,48,51,59,25
1992,17,20,42,45,65,12
1993,7,38,50,52,69,21
1994,8,31,32,34,45,19
1995,18,47,63,68,69,14
1996,6,37,39,41,46,17
1997,3,10,17,26,55,24
1998,24,25,47,52,57,24
1999,10,26,30,52,57,10
2000,13,17,19,40,69,17
2001,2,35,36,54,64,11
2002,19,26,31,52,68,10
2003,1,9,17,27,34,24
2004,9,18,40,46,69,9
2005,29,45,50,59,62,12
2006,17,21,35,40,53,11
2007,3,6,16,38,56,24
2008,41,43,51,57,70,1
2009,17,18,26,52,67,19
2010,1,10,44,47,56,23
2011,8,14,31,58,68,15
2012,7,10,12,61,65,3
2013,15,17,25,32,53,12
2014,20,32,35,47,64,18
2015,4,13,19,63,64,16
2016,17,32,40,59,61,18
2017,36,41,45,51,56,13
2018,17,21,27,43,56,15
2019,18,30,43,68,69,22
2020,21,25,36,62,63,6
2021,7,11,18,30,36,4
2022,21,24,36,40,70,22
2023,21,26,56,61,65,4
2024,3,20,31,34,65,18
2025,3,12,13,19,52,1
2026,9,14,26,29,66,22
2027,6,14,19,56,62,9
2028,15,26,28,35,45,4
2029,5,10,26,58,65,9
2030,10,15,20,66,68,18
2031,9,14,16,26,49,14
2032,30,32,42,46,48,15
2033,6,22,44,53,65,3
2034,5,23,52,53,59,18
2035,7,24,54,57,58,6
2036,7,27,37,42,59,2
2037,7,8,26,30,39,17
2038,22,45,48,58,61,13
2039,1,7,40,43,68,1
2040,23,25,40,42,60,8
2041,33,35,44,55,69,20
2042,21,32,38,48,62,10
2043,25,31,58,64,67,24
2044,16,17,25,36,37,16
2045,3,5,8,31,38,4
2046,2,5,30,46,61,8
2047,4,6,16,21,22,1
2048,7,29,43,56,57,6
2049,2,3,19,52,58,16
2050,5,8,13,22,48,25
2051,4,19,39,42,52,9
2052,38,45,46,55,67,18
2053,3,12,38,53,58,13
2054,3,16,25,44,55,13
2055,11,24,38,62,66,1
2056,7,16,34,44,61,24
2057,1,17,20,52,54,2
2058,11,16,23,24,30,24
2059,2,4,15,21,63,19
2060,6,11,50,63,68,17
2061,6,17,22,57,62,3
2062,15,31,40,56,66,4
2063,18,22,38,39,50,18
2064,11,19,28,46,47,5
2065,7,18,38,58,64,24
2066,24,28,39,44,66,25
2067,9,14,28,59,60,24
2068,2,6,25,40,45,5
2069,8,15,21,27,61,8
2070,3,13,42,51,58,17
2071,7,22,36,45,47,12
2072,26,42,47,48,63,21
2073,22,43,60,63,64,18
2074,8,11,29,32,40,2
2075,2,8,14,20,31,17
2076,4,17,20,46,64,23
2077,2,9,33,47,53,24
2078,7,28,29,58,59,10
2079,5,7,19,46,69,2
2080,9,11,34,49,66,15
2081,15,19,27,35,57,17
2082,16,21,33,52,70,10
2083,15,19,20,61,70,6
2084,11,41,43,44,65,13
2085,7,21,24,41,65,24
2086,33,40,59,60,69,22
2087,3,5,6,63,68,25
2088,3,14,40,53,54,8
2089,6,15,41,63,64,24
2090,11,16,22,48,59,11
2091,4,34,40,41,53,3
2092,3,12,14,18,32,4
2093,30,37,38,42,58,22
2094,20,36,53,56,69,16
2095,8,13,18,32,42,20
2096,1,7,11,25,56,14
2097,7,12,21,43,55,11
2098,1,27,29,38,62,12
2099,27,31,50,51,61,21
2100,20,36,61,62,69,20
2101,4,7,10,45,64,12
2102,8,20,26,53,64,15
2103,2,31,32,37,70,25
2104,14,40,60,64,66,16
2105,7,29,60,63,66,15
2106,13,36,45,57,67,14
2107,10,14,25,37,63,14
2108,2,5,29,64,69,18
2109,1,8,10,25,32,13
2110,23,24,50,54,64,3
2111,33,35,41,45,51,1
2112,12,18,24,46,65,3
2113,3,5,47,48,67,7
2114,6,27,30,38,64,23
2115,2,38,55,57,65,17
2116,39,40,52,60,67,20
2117,6,17,46,59,68,2
2118,16,21,54,55,69,22
2119,14,25,38,59,64,21
2120,15,30,35,38,66,12
2121,9,21,28,30,52,10
2122,5,50,53,58,64,22
2123,8,14,24,43,51,9
2124,16,26,37,40,51,6
2125,15,18,25,33,38,25
2126,6,11,29,36,55,21
2127,3,7,11,13,38,1
2128,9,22,26,41,44,19
2129,1,15,20,44,67,23
2130,34,36,43,45,68,22
2131,21,30,35,45,66,21
2132,4,18,31,53,69,7
2133,5,9,15,16,17,25
2134,2,20,47,55,59,19
2135,5,13,29,38,59,23
2136,1,5,17,37,70,22
2137,6,19,28,46,61,18
2138,2,14,16,38,66,9
2139,13,23,24,25,43,2
2140,29,31,46,54,67,18
2141,20,23,37,46,52,6
2142,1,21,36,46,52,16
2143,15,16,19,28,47,13
2144,8,19,53,61,69,19
2145,14,22,48,58,68,6
2146,8,35,40,53,56,11
2147,3,4,33,36,52,17
2148,15,21,32,38,62,8
2149,9,13,36,59,61,11
2150,1,3,6,44,51,7
2151,25,29,33,41,44,18
2152,3,20,46,59,63,13
2153,7,13,14,15,18,9
2154,30,43,45,46,61,14
2155,2,12,18,24,39,18
2156,20,29,31,64,66,17
2157,33,41,47,50,62,20
2158,4,43,46,47,61,22
2159,7,9,18,29,39,13
2160,1,4,50,54,59,17
2161,9,15,46,55,57,4
2162,20,29,30,52,58,19
2163,23,24,35,40,43,1
2164,2,33,38,57,70,13
2165,2,15,30,36,63,24
2166,2,22,49,65,67,7
2167,14,16,40,52,59,13
2168,8,25,36,39,67,11
2169,15,22,25,28,69,21
2170,9,20,59,60,63,5
2171,1,7,23,38,55,2
2172,26,28,29,39,49,25
2173,1,21,25,27,40,11
2174,14,17,33,42,66,15
2175,2,3,18,32,68,24
2176,16,26,27,42,61,23
2177,1,37,45,62,64,4
2178,12,32,49,51,66,21
2179,31,35,53,54,55,24
2180,23,27,41,48,51,22
2181,7,9,15,19,25,4
2182,3,21,29,46,63,9
2183,8,29,46,47,48,12
2184,18,38,53,62,64,20
2185,3,15,16,32,41,9
2186,16,18,28,42,43,11
2187,4,37,46,48,51,19
2188,1,2,23,40,45,15
2189,15,34,36,69,70,17
2190,5,11,41,44,55,14
2191,3,10,22,65,66,19
2192,12,20,37,41,64,1
2193,13,16,40,64,68,21
2194,3,16,19,36,60,25
2195,6,12,23,29,57,4
2196,3,19,53,60,68,13
2197,8,10,19,44,47,4
2198,4,24,34,45,57,19
2199,6,37,39,45,46,21
2200,13,62,65,67,69,14
2201,8,34,35,41,52,12
2202,13,22,47,51,55,9
2203,21,33,54,61,67,12
2204,8,10,17,55,66,3
2205,10,17,33,51,64,5
2206,10,24,48,51,66,15
2207,19,22,31,37,54,18
2208,29,40,47,50,57,25
2209,3,5,6,44,61,25
2210,5,10,28,52,63,18
2211,8,24,30,45,61,12
2212,11,30,45,52,56,20
2213,13,19,20,32,33,14
2214,8,9,18,35,41,18
2215,18,39,42,57,63,7
2216,10,20,29,44,66,11
2217,1,12,26,36,50,7
2218,12,23,26,31,38,2
2219,9,39,52,61,63,25
2220,10,31,42,43,55,8
2221,3,43,50,51,65,13
2222,3,12,17,51,62,1
2223,2,14,21,42,67,18
2224,5,13,29,50,53,25
2225,6,9,13,29,66,24
2226,10,13,14,57,66,3
2227,15,30,35,42,60,16
2228,18,40,47,55,64,11
2229,3,19,32,39,59,24
2230,12,24,46,57,66,22
2231,3,8,17,46,63,7
2232,6,18,44,46,68,18
2233,5,6,29,32,61,20
2234,7,29,36,49,61,22
2235,16,20,30,54,59,7
2236,11,32,43,57,70,6
2237,14,35,37,55,70,15
2238,15,32,38,47,65,12
2239,3,11,33,42,52,20
2240,13,33,59,68,70,8
2241,29,35,59,61,69,22
2242,6,12,31,33,69,17
2243,17,22,25,30,38,24
2244,6,15,45,59,68,1
2245,27,37,42,59,61,11
2246,12,47,49,52,65,12
2247,18,35,40,64,67,18
2248,21,26,53,66,70,13
2249,8,23,44,45,53,3
2250,10,20,28,40,54,12
2251,17,26,50,58,61,11
2252,10,26,36,54,69,4
2253,8,10,22,58,64,21
2254,11,27,30,62,70,10
2255,3,18,27,29,64,1
2256,5,23,26,38,44,25
2257,12,15,32,33,53,24
2258,19,34,35,45,67,7
2259,2,10,42,49,54,13
2260,1,9,16,17,30,17
2261,21,28,58,69,70,20
2262,14,31,34,50,61,13
2263,3,5,16,58,59,11
2264,11,22,42,64,69,18
2265,2,10,31,44,57,10
2266,17,22,29,46,69,1
2267,1,3,19,25,58,20
2268,19,23,39,42,67,18
2269,5,45,55,58,68,7
2270,4,6,40,41,60,11
2271,6,18,26,27,49,4
2272,15,33,37,55,61,24
2273,2,49,50,61,70,14
2274,19,20,22,47,58,1
2275,2,16,31,57,64,24
2276,13,25,50,51,66,6
2277,24,46,49,62,66,7
2278,3,8,31,35,44,16
2279,7,11,22,29,38,4
2280,11,30,33,38,60,16
2281,10,50,56,60,66,19
2282,20,30,54,63,65,14
2283,34,43,51,52,69,25
